Datetime,Water Level (m)
2025-02-14 12:00:00,-1.7026827
2025-02-14 13:00:00,-1.9892339
2025-02-14 14:00:00,-1.6779926
2025-02-14 15:00:00,-0.9774004
2025-02-14 16:00:00,-0.060982063
2025-02-14 17:00:00,0.7819009
2025-02-14 18:00:00,1.388987
2025-02-14 19:00:00,1.5637941
2025-02-14 20:00:00,1.2095854
2025-02-14 21:00:00,0.6044863
2025-02-14 22:00:00,-0.20012681
2025-02-14 23:00:00,-1.0432081
2025-02-15 00:00:00,-1.8187374
2025-02-15 01:00:00,-2.3250077
2025-02-15 02:00:00,-2.223079
2025-02-15 03:00:00,-1.3736309
2025-02-15 04:00:00,-0.4465166
2025-02-15 05:00:00,0.3672702
2025-02-15 06:00:00,0.9706216
2025-02-15 07:00:00,1.3044078
2025-02-15 08:00:00,1.1021051
2025-02-15 09:00:00,0.6377401
2025-02-15 10:00:00,-0.017831907
2025-02-15 11:00:00,-0.7548736
2025-02-15 12:00:00,-1.4903711
2025-02-15 13:00:00,-2.0427392
2025-02-15 14:00:00,-2.1185615
2025-02-15 15:00:00,-1.4433553
2025-02-15 16:00:00,-0.4858086
2025-02-15 17:00:00,0.4122737
2025-02-15 18:00:00,1.0731373
2025-02-15 19:00:00,1.4501851
2025-02-15 20:00:00,1.2717711
2025-02-15 21:00:00,0.7538933
2025-02-15 22:00:00,0.07259386
2025-02-15 23:00:00,-0.6882295
2025-02-16 00:00:00,-1.4596142
2025-02-16 01:00:00,-2.08167
2025-02-16 02:00:00,-2.3211336
2025-02-16 03:00:00,-1.8158224
2025-02-16 04:00:00,-0.93527997
2025-02-16 05:00:00,-0.028371349
2025-02-16 06:00:00,0.6748105
2025-02-16 07:00:00,1.1844268
2025-02-16 08:00:00,1.2403089
2025-02-16 09:00:00,0.8343177
2025-02-16 10:00:00,0.28109092
2025-02-16 11:00:00,-0.4115372
2025-02-16 12:00:00,-1.1147785
2025-02-16 13:00:00,-1.7455242
2025-02-16 14:00:00,-2.0552425
2025-02-16 15:00:00,-1.7720525
2025-02-16 16:00:00,-0.9857979
2025-02-16 17:00:00,-0.08708545
2025-02-16 18:00:00,0.62720746
2025-02-16 19:00:00,1.1537464
2025-02-16 20:00:00,1.2771755
2025-02-16 21:00:00,0.8968266
2025-02-16 22:00:00,0.32635346
2025-02-16 23:00:00,-0.37854344
2025-02-17 00:00:00,-1.1169155
2025-02-17 01:00:00,-1.7957555
2025-02-17 02:00:00,-2.2119489
2025-02-17 03:00:00,-2.0898943
2025-02-17 04:00:00,-1.3387874
2025-02-17 05:00:00,-0.4890309
2025-02-17 06:00:00,0.27944505
2025-02-17 07:00:00,0.86414653
2025-02-17 08:00:00,1.1776247
2025-02-17 09:00:00,0.97549194
2025-02-17 10:00:00,0.53161156
2025-02-17 11:00:00,-0.05039571
2025-02-17 12:00:00,-0.70298
2025-02-17 13:00:00,-1.3531123
2025-02-17 14:00:00,-1.8103321
2025-02-17 15:00:00,-1.8557767
2025-02-17 16:00:00,-1.3403528
2025-02-17 17:00:00,-0.5629013
2025-02-17 18:00:00,0.19837563
2025-02-17 19:00:00,0.7531911
2025-02-17 20:00:00,1.069291
2025-02-17 21:00:00,0.9336334
2025-02-17 22:00:00,0.47989428
2025-02-17 23:00:00,-0.10692993
2025-02-18 00:00:00,-0.76278454
2025-02-18 01:00:00,-1.4270703
2025-02-18 02:00:00,-1.939931
2025-02-18 03:00:00,-2.0752766
2025-02-18 04:00:00,-1.6242008
2025-02-18 05:00:00,-0.8697405
2025-02-18 06:00:00,-0.10061191
2025-02-18 07:00:00,0.5062155
2025-02-18 08:00:00,0.9712319
2025-02-18 09:00:00,1.0333698
2025-02-18 10:00:00,0.7321892
2025-02-18 11:00:00,0.28795737
2025-02-18 12:00:00,-0.27195072
2025-02-18 13:00:00,-0.86011684
2025-02-18 14:00:00,-1.3957816
2025-02-18 15:00:00,-1.6586406
2025-02-18 16:00:00,-1.50207
2025-02-18 17:00:00,-0.9230078
2025-02-18 18:00:00,-0.21558513
2025-02-18 19:00:00,0.34714088
2025-02-18 20:00:00,0.7350519
2025-02-18 21:00:00,0.8502095
2025-02-18 22:00:00,0.56578344
2025-02-18 23:00:00,0.09574414
2025-02-19 00:00:00,-0.45978498
2025-02-19 01:00:00,-1.0401965
2025-02-19 02:00:00,-1.5629816
2025-02-19 03:00:00,-1.8263208
2025-02-19 04:00:00,-1.6888419
2025-02-19 05:00:00,-1.1904511
2025-02-19 06:00:00,-0.5197865
2025-02-19 07:00:00,0.114411175
2025-02-19 08:00:00,0.63262224
2025-02-19 09:00:00,0.92002535
2025-02-19 10:00:00,0.83139443
2025-02-19 11:00:00,0.5128738
2025-02-19 12:00:00,0.08029371
2025-02-19 13:00:00,-0.41601345
2025-02-19 14:00:00,-0.88379085
2025-02-19 15:00:00,-1.2466804
2025-02-19 16:00:00,-1.343614
2025-02-19 17:00:00,-1.123288
2025-02-19 18:00:00,-0.6781022
2025-02-19 19:00:00,-0.14656037
2025-02-19 20:00:00,0.2655723
2025-02-19 21:00:00,0.51257336
2025-02-19 22:00:00,0.4916135
2025-02-19 23:00:00,0.20046172
2025-02-20 00:00:00,-0.21450952
2025-02-20 01:00:00,-0.6887977
2025-02-20 02:00:00,-1.1410263
2025-02-20 03:00:00,-1.4928856
2025-02-20 04:00:00,-1.5977193
2025-02-20 05:00:00,-1.3834046
2025-02-20 06:00:00,-0.93242264
2025-02-20 07:00:00,-0.36424214
2025-02-20 08:00:00,0.135507
2025-02-20 09:00:00,0.52715987
2025-02-20 10:00:00,0.70240885
2025-02-20 11:00:00,0.6028406
2025-02-20 12:00:00,0.33165422
